County,Crop,Target,Predictor,Coefficient,P-value,Lower CI,Upper CI,County_Crop
Alameda,GRAPES WINE,Yield Per Acre,high_temp_days,7.318144417305697e-06,0.27593892224728217,-6.1051612300874e-06,2.0741450064698793e-05,Alameda - GRAPES WINE
Alameda,GRAPES WINE,Yield Per Acre,low_temp_days,4.901669513348211e-06,0.4678987812542853,-8.657316589665994e-06,1.8460655616362414e-05,Alameda - GRAPES WINE
Alameda,GRAPES WINE,Yield Per Acre,heavy_rain_days,-3.485342826128659e-05,0.2890218920818434,-0.00010057503626531347,3.086817974274029e-05,Alameda - GRAPES WINE
Alameda,GRAPES WINE,Yield Per Acre,snow_days,2.1084129058970417e-20,0.25986679454811884,-1.6289511053881558e-20,5.845776917182239e-20,Alameda - GRAPES WINE
Alameda,GRAPES WINE,Yield Per Acre,high_wind_days,3.745204662906437e-06,0.63396773260006,-1.2083209388436988e-05,1.957361871424986e-05,Alameda - GRAPES WINE
Alameda,GRAPES WINE,Yield Per Acre,low_visibility_days,0.0,,0.0,0.0,Alameda - GRAPES WINE
Alameda,GRAPES WINE,Yield Per Acre,cloudy_days,1.2054496421201753e-05,0.3658676630346812,-1.4657763535485118e-05,3.876675637788863e-05,Alameda - GRAPES WINE
Alameda,GRAPES WINE,Production Per Acre,high_temp_days,0.01340627512365928,0.2783190910853874,-0.011308421484934814,0.03812097173225337,Alameda - GRAPES WINE
Alameda,GRAPES WINE,Production Per Acre,low_temp_days,0.003218458479753698,0.7950681683264706,-0.021746050014561903,0.0281829669740693,Alameda - GRAPES WINE
Alameda,GRAPES WINE,Production Per Acre,heavy_rain_days,-0.03357731419645277,0.5768032649603048,-0.15458250063232315,0.0874278722394176,Alameda - GRAPES WINE
Alameda,GRAPES WINE,Production Per Acre,snow_days,2.04709590262699e-17,0.5497762016804162,-4.83405692821318e-17,8.92824873346716e-17,Alameda - GRAPES WINE
Alameda,GRAPES WINE,Production Per Acre,high_wind_days,-0.03755690918430634,0.013035933899413632,-0.06669983875397856,-0.008413979614634127,Alameda - GRAPES WINE
Alameda,GRAPES WINE,Production Per Acre,low_visibility_days,0.0,,0.0,0.0,Alameda - GRAPES WINE
Alameda,GRAPES WINE,Production Per Acre,cloudy_days,0.030111404532017844,0.2221592023488608,-0.019070623941544147,0.07929343300557984,Alameda - GRAPES WINE
El Dorado,GRAPES WINE,Yield Per Acre,high_temp_days,0.00014069247459201723,0.36684764971890516,-0.00017458821335174053,0.000455973162535775,El Dorado - GRAPES WINE
El Dorado,GRAPES WINE,Yield Per Acre,low_temp_days,0.00023553951880571605,0.062370508590881765,-1.3124371335861682e-05,0.0004842034089472938,El Dorado - GRAPES WINE
El Dorado,GRAPES WINE,Yield Per Acre,heavy_rain_days,-9.28226308959077e-05,0.7908646758238248,-0.0008060329583351428,0.0006203876965433275,El Dorado - GRAPES WINE
El Dorado,GRAPES WINE,Yield Per Acre,snow_days,0.0008696238828255032,0.06759223063444676,-6.779953667458336e-05,0.0018070473023255897,El Dorado - GRAPES WINE
El Dorado,GRAPES WINE,Yield Per Acre,high_wind_days,-0.00018062077451052393,0.245364266716859,-0.0004933168656915706,0.00013207531667052267,El Dorado - GRAPES WINE
El Dorado,GRAPES WINE,Yield Per Acre,low_visibility_days,-0.00021362885403743804,0.1292299603096765,-0.0004940553986456429,6.679769057076692e-05,El Dorado - GRAPES WINE
El Dorado,GRAPES WINE,Yield Per Acre,cloudy_days,-4.798293867641553e-05,0.7636294629374634,-0.0003730372843919136,0.00027707140703908255,El Dorado - GRAPES WINE
El Dorado,GRAPES WINE,Production Per Acre,high_temp_days,-0.0029223307945551633,0.8072996213917106,-0.02733768797054446,0.021493026381434136,El Dorado - GRAPES WINE
El Dorado,GRAPES WINE,Production Per Acre,low_temp_days,0.00844799243551692,0.3748663442668968,-0.010808555544550338,0.027704540415584178,El Dorado - GRAPES WINE
El Dorado,GRAPES WINE,Production Per Acre,heavy_rain_days,-0.006491440760928051,0.8107063424440412,-0.06172249534787925,0.04873961382602315,El Dorado - GRAPES WINE
El Dorado,GRAPES WINE,Production Per Acre,snow_days,0.08631514695423426,0.021688242659049672,0.013721015796049521,0.158909278112419,El Dorado - GRAPES WINE
El Dorado,GRAPES WINE,Production Per Acre,high_wind_days,-0.021433601671007482,0.08029106923162699,-0.045648807503985395,0.00278160416197043,El Dorado - GRAPES WINE
El Dorado,GRAPES WINE,Production Per Acre,low_visibility_days,-0.007321815617609318,0.4938402960073943,-0.029038065645137775,0.014394434409919141,El Dorado - GRAPES WINE
El Dorado,GRAPES WINE,Production Per Acre,cloudy_days,-0.004805394528432837,0.6975287919308878,-0.02997762440401321,0.020366835347147536,El Dorado - GRAPES WINE
Fresno,ALMONDS ALL,Yield Per Acre,high_temp_days,-9.363659640128121e-08,0.2652263347160711,-2.617239851294124e-07,7.445079232684999e-08,Fresno - ALMONDS ALL
Fresno,ALMONDS ALL,Yield Per Acre,low_temp_days,1.5855858256485814e-07,0.15994148643111933,-6.58241527243535e-08,3.829413178540698e-07,Fresno - ALMONDS ALL
Fresno,ALMONDS ALL,Yield Per Acre,heavy_rain_days,-2.3527677636965223e-08,0.9534956816934539,-8.381189438613647e-07,7.910635885874342e-07,Fresno - ALMONDS ALL
Fresno,ALMONDS ALL,Yield Per Acre,snow_days,-1.0940826448673007e-06,0.8832636077733751,-1.613675910859862e-05,1.3948593818864021e-05,Fresno - ALMONDS ALL
Fresno,ALMONDS ALL,Yield Per Acre,high_wind_days,-1.3908723941944256e-07,0.10129251910573109,-3.069574639798456e-07,2.878298514096047e-08,Fresno - ALMONDS ALL
Fresno,ALMONDS ALL,Yield Per Acre,low_visibility_days,1.8284102718028022e-07,0.05551178492027057,-4.5637888580617255e-09,3.702458432186222e-07,Fresno - ALMONDS ALL
Fresno,ALMONDS ALL,Yield Per Acre,cloudy_days,2.659919878896655e-08,0.8379495422897676,-2.3592613089891357e-07,2.8912452847684667e-07,Fresno - ALMONDS ALL
Fresno,ALMONDS ALL,Production Per Acre,high_temp_days,0.0013709383108649416,0.529250344051273,-0.00301552380682721,0.005757400428557094,Fresno - ALMONDS ALL
Fresno,ALMONDS ALL,Production Per Acre,low_temp_days,0.004068801990900333,0.16681325944114878,-0.0017867614493897533,0.009924365431190418,Fresno - ALMONDS ALL
Fresno,ALMONDS ALL,Production Per Acre,heavy_rain_days,-0.028344733361627912,0.010517530711535548,-0.04960256690722218,-0.007086899816033644,Fresno - ALMONDS ALL
Fresno,ALMONDS ALL,Production Per Acre,snow_days,0.4056959742474992,0.043210838304993074,0.013137490496043014,0.7982544579989554,Fresno - ALMONDS ALL
Fresno,ALMONDS ALL,Production Per Acre,high_wind_days,0.003797321339731758,0.08706742280391513,-0.0005834735925619671,0.008178116272025483,Fresno - ALMONDS ALL
Fresno,ALMONDS ALL,Production Per Acre,low_visibility_days,-0.008050878966268871,0.002038582145215744,-0.01294145482948755,-0.003160303103050193,Fresno - ALMONDS ALL
Fresno,ALMONDS ALL,Production Per Acre,cloudy_days,-0.0012406095882290435,0.714911540204231,-0.008091554339789716,0.00561033516333163,Fresno - ALMONDS ALL
Fresno,GRAPES WINE,Yield Per Acre,high_temp_days,8.929218272825167e-07,0.26665438726557417,-7.148522928886046e-07,2.500695947453638e-06,Fresno - GRAPES WINE
Fresno,GRAPES WINE,Yield Per Acre,low_temp_days,2.4670011988383565e-06,0.025564695619326495,3.2075597758205546e-07,4.613246420094658e-06,Fresno - GRAPES WINE
Fresno,GRAPES WINE,Yield Per Acre,heavy_rain_days,-1.655044411006668e-06,0.6684385813763127,-9.446698301658282e-06,6.136609479644945e-06,Fresno - GRAPES WINE
Fresno,GRAPES WINE,Yield Per Acre,snow_days,-3.379027065756579e-05,0.6359490196810622,-0.00017767510401417327,0.00011009456269904169,Fresno - GRAPES WINE
Fresno,GRAPES WINE,Yield Per Acre,high_wind_days,5.297143344619218e-07,0.5067769855908206,-1.0759825868702875e-06,2.135411255794131e-06,Fresno - GRAPES WINE
Fresno,GRAPES WINE,Yield Per Acre,low_visibility_days,4.7243227181914845e-07,0.5954140231056022,-1.3201151376073483e-06,2.2649796812456453e-06,Fresno - GRAPES WINE
Fresno,GRAPES WINE,Yield Per Acre,cloudy_days,2.2854930619548112e-06,0.07302852018920386,-2.2559021535310324e-07,4.796576339262726e-06,Fresno - GRAPES WINE
Fresno,GRAPES WINE,Production Per Acre,high_temp_days,0.015130722636390814,0.49175920658528915,-0.029145756088173547,0.059407201360955175,Fresno - GRAPES WINE
Fresno,GRAPES WINE,Production Per Acre,low_temp_days,0.03073201248533681,0.2978057816042181,-0.028373417614843167,0.08983744258551679,Fresno - GRAPES WINE
Fresno,GRAPES WINE,Production Per Acre,heavy_rain_days,-0.11970255201734327,0.2645621987283934,-0.33427684662154244,0.09487174258685592,Fresno - GRAPES WINE
Fresno,GRAPES WINE,Production Per Acre,snow_days,1.8664528216477538,0.3448655167806779,-2.0959904612577223,5.8288961045532295,Fresno - GRAPES WINE
Fresno,GRAPES WINE,Production Per Acre,high_wind_days,0.05911321951026221,0.010337991278993437,0.014893944748023094,0.10333249427250132,Fresno - GRAPES WINE
Fresno,GRAPES WINE,Production Per Acre,low_visibility_days,-0.029255237314926793,0.23650037068612134,-0.07862018618460873,0.020109711554755137,Fresno - GRAPES WINE
Fresno,GRAPES WINE,Production Per Acre,cloudy_days,0.045124105887127564,0.19342835295307706,-0.02402859654068594,0.11427680831494107,Fresno - GRAPES WINE
Fresno,TOMATOES PROCESSING,Yield Per Acre,high_temp_days,2.249858914797161e-06,0.16131339777919645,-9.447852830687836e-07,5.444503112663105e-06,Fresno - TOMATOES PROCESSING
Fresno,TOMATOES PROCESSING,Yield Per Acre,low_temp_days,1.906001833532661e-06,0.3697851176796515,-2.3585834445001715e-06,6.170587111565494e-06,Fresno - TOMATOES PROCESSING
Fresno,TOMATOES PROCESSING,Yield Per Acre,heavy_rain_days,-2.9095271871626577e-06,0.7046563754616687,-1.839152903136481e-05,1.2572474657039497e-05,Fresno - TOMATOES PROCESSING
Fresno,TOMATOES PROCESSING,Yield Per Acre,snow_days,-1.8460680059368522e-05,0.8962802835905542,-0.00030435957734642715,0.00026743821722769015,Fresno - TOMATOES PROCESSING
Fresno,TOMATOES PROCESSING,Yield Per Acre,high_wind_days,4.598245635962067e-06,0.006074349858041751,1.4077288283403671e-06,7.788762443583767e-06,Fresno - TOMATOES PROCESSING
Fresno,TOMATOES PROCESSING,Yield Per Acre,low_visibility_days,2.1078861217833955e-06,0.23714063743093888,-1.4539022594815615e-06,5.6696745030483525e-06,Fresno - TOMATOES PROCESSING
Fresno,TOMATOES PROCESSING,Yield Per Acre,cloudy_days,5.696694481759977e-06,0.026496878395505644,7.07176662331389e-07,1.0686212301188566e-05,Fresno - TOMATOES PROCESSING
Fresno,TOMATOES PROCESSING,Production Per Acre,high_temp_days,0.09825309654936702,0.17481937558227909,-0.0458964924796169,0.24240268557835093,Fresno - TOMATOES PROCESSING
Fresno,TOMATOES PROCESSING,Production Per Acre,low_temp_days,-0.038286428441060345,0.6882382378842544,-0.23071418475211974,0.15414132786999907,Fresno - TOMATOES PROCESSING
Fresno,TOMATOES PROCESSING,Production Per Acre,heavy_rain_days,-0.20770270541764474,0.5493812861734286,-0.9062857290540565,0.49088031821876704,Fresno - TOMATOES PROCESSING
Fresno,TOMATOES PROCESSING,Production Per Acre,snow_days,3.5786553776418253,0.5763067460242588,-9.32175105112397,16.47906180640762,Fresno - TOMATOES PROCESSING
Fresno,TOMATOES PROCESSING,Production Per Acre,high_wind_days,0.19991110272004933,0.00795835925895394,0.05594775089640669,0.343874454543692,Fresno - TOMATOES PROCESSING
Fresno,TOMATOES PROCESSING,Production Per Acre,low_visibility_days,-0.13919229886780224,0.08732375095273498,-0.2999082658323018,0.021523668096697313,Fresno - TOMATOES PROCESSING
Fresno,TOMATOES PROCESSING,Production Per Acre,cloudy_days,-0.02966402199681288,0.7903171899409163,-0.25480237812544865,0.19547433413182286,Fresno - TOMATOES PROCESSING
Kings,ALMONDS ALL,Yield Per Acre,high_temp_days,-3.9136469375032625e-06,0.008557965050023403,-6.761323051545384e-06,-1.065970823461141e-06,Kings - ALMONDS ALL
Kings,ALMONDS ALL,Yield Per Acre,low_temp_days,-9.584642960350035e-07,0.6113893550227893,-4.759875933882561e-06,2.8429473418125536e-06,Kings - ALMONDS ALL
Kings,ALMONDS ALL,Yield Per Acre,heavy_rain_days,5.719902439040517e-06,0.405161701149221,-8.08060995565483e-06,1.9520414833735864e-05,Kings - ALMONDS ALL
Kings,ALMONDS ALL,Yield Per Acre,snow_days,-0.0001964381024918967,0.12637076358602262,-0.00045128571944379317,5.8409514459999764e-05,Kings - ALMONDS ALL
Kings,ALMONDS ALL,Yield Per Acre,high_wind_days,-1.8915174231352862e-06,0.18520922136921672,-4.735514419916174e-06,9.524795736456018e-07,Kings - ALMONDS ALL
Kings,ALMONDS ALL,Yield Per Acre,low_visibility_days,1.5178572374005637e-06,0.3378042618546281,-1.6570877857029415e-06,4.692802260504069e-06,Kings - ALMONDS ALL
Kings,ALMONDS ALL,Yield Per Acre,cloudy_days,-4.198889431709761e-06,0.0634396650822003,-8.646499191965933e-06,2.4872032854640983e-07,Kings - ALMONDS ALL
Kings,ALMONDS ALL,Production Per Acre,high_temp_days,0.00304653001296528,0.08577171940800286,-0.00045300476025324915,0.006546064786183809,Kings - ALMONDS ALL
Kings,ALMONDS ALL,Production Per Acre,low_temp_days,0.0032034627050579515,0.17229468277509005,-0.001468126226129169,0.007875051636245071,Kings - ALMONDS ALL
Kings,ALMONDS ALL,Production Per Acre,heavy_rain_days,-0.007068759109417716,0.4025541236796355,-0.02402833283878998,0.00989081461995455,Kings - ALMONDS ALL
Kings,ALMONDS ALL,Production Per Acre,snow_days,0.09081253245457824,0.5592502869360834,-0.2223719947454296,0.4039970596545861,Kings - ALMONDS ALL
Kings,ALMONDS ALL,Production Per Acre,high_wind_days,0.003629436490618258,0.042270629897954604,0.00013442301767223764,0.007124449963564278,Kings - ALMONDS ALL
Kings,ALMONDS ALL,Production Per Acre,low_visibility_days,-0.006607435566804849,0.0015725436910472544,-0.010509154044064047,-0.0027057170895456494,Kings - ALMONDS ALL
Kings,ALMONDS ALL,Production Per Acre,cloudy_days,-0.004056631107584949,0.14055733550655938,-0.00952233871982795,0.0014090765046580519,Kings - ALMONDS ALL
Kings,GRAPES WINE,Yield Per Acre,high_temp_days,-2.4146935430157222e-05,0.3341561339077941,-7.427049147640461e-05,2.597662061609017e-05,Kings - GRAPES WINE
Kings,GRAPES WINE,Yield Per Acre,low_temp_days,4.280234901859247e-05,0.2021125293170162,-2.410844478444561e-05,0.00010971314282163055,Kings - GRAPES WINE
Kings,GRAPES WINE,Yield Per Acre,heavy_rain_days,5.482202550262639e-05,0.6491254534747402,-0.00018808858960260398,0.0002977326406078568,Kings - GRAPES WINE
Kings,GRAPES WINE,Yield Per Acre,snow_days,-0.0040418354953844935,0.07580855622248402,-0.008527552374685474,0.0004438813839164873,Kings - GRAPES WINE
Kings,GRAPES WINE,Yield Per Acre,high_wind_days,-2.1664613457222745e-05,0.384953937406881,-7.172341128207874e-05,2.8394184367633247e-05,Kings - GRAPES WINE
Kings,GRAPES WINE,Yield Per Acre,low_visibility_days,5.762476434969625e-05,0.043653153937805056,1.740763348124186e-06,0.00011350876535126832,Kings - GRAPES WINE
Kings,GRAPES WINE,Yield Per Acre,cloudy_days,-1.752096876251421e-05,0.6518425852547262,-9.580586078051835e-05,6.0763923255489923e-05,Kings - GRAPES WINE
Kings,GRAPES WINE,Production Per Acre,high_temp_days,-0.010610766548380406,0.7015219847708041,-0.0664484462462272,0.045226913149466384,Kings - GRAPES WINE
Kings,GRAPES WINE,Production Per Acre,low_temp_days,0.039342971860391505,0.29067656985070556,-0.035195703513229086,0.11388164723401209,Kings - GRAPES WINE
Kings,GRAPES WINE,Production Per Acre,heavy_rain_days,-0.04453151690822254,0.7398884335045819,-0.31513412756374215,0.22607109374729706,Kings - GRAPES WINE
Kings,GRAPES WINE,Production Per Acre,snow_days,-1.7362266566274893,0.48459862327034897,-6.7333186843864645,3.2608653711314854,Kings - GRAPES WINE
Kings,GRAPES WINE,Production Per Acre,high_wind_days,0.07897046046348555,0.006914233914938884,0.02320492147370263,0.13473599945326847,Kings - GRAPES WINE
Kings,GRAPES WINE,Production Per Acre,low_visibility_days,-0.05576518021823136,0.0774623558491996,-0.11801999999360419,0.006489639557141456,Kings - GRAPES WINE
Kings,GRAPES WINE,Production Per Acre,cloudy_days,-0.025016858206643736,0.5634439519469895,-0.11222628767427026,0.06219257126098279,Kings - GRAPES WINE
Kings,TOMATOES PROCESSING,Yield Per Acre,high_temp_days,-3.426811001250341e-05,0.7569702816393004,-0.0002579023626833538,0.00018936614265834694,Kings - TOMATOES PROCESSING
Kings,TOMATOES PROCESSING,Yield Per Acre,low_temp_days,-9.82232353109208e-05,0.553055119400593,-0.0004319534271616302,0.00023550695653978858,Kings - TOMATOES PROCESSING
Kings,TOMATOES PROCESSING,Yield Per Acre,heavy_rain_days,-0.0002882344159032789,0.6117002239438234,-0.00143343406928596,0.0008569652374794021,Kings - TOMATOES PROCESSING
Kings,TOMATOES PROCESSING,Yield Per Acre,snow_days,-0.009450160206801261,0.3433482448640668,-0.02946345889730142,0.010563138483698898,Kings - TOMATOES PROCESSING
Kings,TOMATOES PROCESSING,Yield Per Acre,high_wind_days,-9.380012825423612e-05,0.40455228657153963,-0.00031999366680547506,0.0001323934102970028,Kings - TOMATOES PROCESSING
Kings,TOMATOES PROCESSING,Yield Per Acre,low_visibility_days,0.00026710333268885214,0.037230166961708874,1.6815174468545345e-05,0.0005173914909091589,Kings - TOMATOES PROCESSING
Kings,TOMATOES PROCESSING,Yield Per Acre,cloudy_days,8.044594080557082e-05,0.6576718902778758,-0.0002858924039166311,0.00044678428552777274,Kings - TOMATOES PROCESSING
Kings,TOMATOES PROCESSING,Production Per Acre,high_temp_days,0.12498286137735837,0.22334122444748497,-0.08003007443611646,0.32999579719083316,Kings - TOMATOES PROCESSING
Kings,TOMATOES PROCESSING,Production Per Acre,low_temp_days,-0.06737889434785094,0.6567411296965429,-0.37332042872276916,0.23856264002706729,Kings - TOMATOES PROCESSING
Kings,TOMATOES PROCESSING,Production Per Acre,heavy_rain_days,-0.04775444578847976,0.9267557084968501,-1.0975969463383057,1.0020880547613462,Kings - TOMATOES PROCESSING
Kings,TOMATOES PROCESSING,Production Per Acre,snow_days,-1.839265466734929,0.8394889744356586,-20.186120078001785,16.507589144531927,Kings - TOMATOES PROCESSING
Kings,TOMATOES PROCESSING,Production Per Acre,high_wind_days,0.2836165015050354,0.008894870043723394,0.07625738345132627,0.4909756195587446,Kings - TOMATOES PROCESSING
Kings,TOMATOES PROCESSING,Production Per Acre,low_visibility_days,-0.20527486367579112,0.07776069832222968,-0.4347223186308026,0.024172591279220307,Kings - TOMATOES PROCESSING
Kings,TOMATOES PROCESSING,Production Per Acre,cloudy_days,-0.09953145322724541,0.5503075450647232,-0.4353659627247113,0.2363030562702205,Kings - TOMATOES PROCESSING
Mendocino,GRAPES WINE,Yield Per Acre,high_temp_days,1.4604636879718726e-06,0.037046444463995055,9.354817713418356e-08,2.8273791988095614e-06,Mendocino - GRAPES WINE
Mendocino,GRAPES WINE,Yield Per Acre,low_temp_days,-1.1713418361433024e-06,0.11685618437924304,-2.652313200759513e-06,3.0962952847290795e-07,Mendocino - GRAPES WINE
Mendocino,GRAPES WINE,Yield Per Acre,heavy_rain_days,-3.427848170287003e-06,0.21230533011831293,-8.917532338734323e-06,2.061835998160317e-06,Mendocino - GRAPES WINE
Mendocino,GRAPES WINE,Yield Per Acre,snow_days,-2.9960834267993997e-05,0.49184627943182746,-0.00011780350702140324,5.788183848541525e-05,Mendocino - GRAPES WINE
Mendocino,GRAPES WINE,Yield Per Acre,high_wind_days,2.4280720189777822e-06,0.0317415616029215,2.264269638917899e-07,4.629717074063775e-06,Mendocino - GRAPES WINE
Mendocino,GRAPES WINE,Yield Per Acre,low_visibility_days,3.7476029034049618e-06,0.0016265811397405564,1.5338477157687798e-06,5.961358091041144e-06,Mendocino - GRAPES WINE
Mendocino,GRAPES WINE,Yield Per Acre,cloudy_days,9.253795215623157e-07,0.6055477680899335,-2.691867680614438e-06,4.542626723739069e-06,Mendocino - GRAPES WINE
Mendocino,GRAPES WINE,Production Per Acre,high_temp_days,0.006615385169998338,0.27737429608255515,-0.005587259399294997,0.018818029739291673,Mendocino - GRAPES WINE
Mendocino,GRAPES WINE,Production Per Acre,low_temp_days,-0.003092879090813674,0.6366209647930567,-0.016313716104096217,0.010127957922468869,Mendocino - GRAPES WINE
Mendocino,GRAPES WINE,Production Per Acre,heavy_rain_days,-0.008608503116277512,0.7225792303001637,-0.057615675962086034,0.04039866972953101,Mendocino - GRAPES WINE
Mendocino,GRAPES WINE,Production Per Acre,snow_days,-0.41772237373983084,0.2856704929591608,-1.2019061108675915,0.36646136338792973,Mendocino - GRAPES WINE
Mendocino,GRAPES WINE,Production Per Acre,high_wind_days,0.004160664517092953,0.668913143680215,-0.015493726600681653,0.02381505563486756,Mendocino - GRAPES WINE
Mendocino,GRAPES WINE,Production Per Acre,low_visibility_days,0.013151859982753575,0.1844900824413495,-0.00661063996985781,0.032914359935364956,Mendocino - GRAPES WINE
Mendocino,GRAPES WINE,Production Per Acre,cloudy_days,0.0019364198260328966,0.9034488162844239,-0.030355248223284427,0.03422808787535022,Mendocino - GRAPES WINE
Napa,GRAPES WINE,Yield Per Acre,high_temp_days,-3.158337439075766e-08,0.9284992549664886,-7.409939817578655e-07,6.778272329763502e-07,Napa - GRAPES WINE
Napa,GRAPES WINE,Yield Per Acre,low_temp_days,3.3580987085238396e-07,0.34794312016532836,-3.807713364368608e-07,1.0523910781416287e-06,Napa - GRAPES WINE
Napa,GRAPES WINE,Yield Per Acre,heavy_rain_days,2.1780952203546824e-08,0.9899149995132654,-3.4515517034031084e-06,3.4951136078102024e-06,Napa - GRAPES WINE
Napa,GRAPES WINE,Yield Per Acre,snow_days,6.466727939423042e-23,0.9473849838247955,-1.9104987064244037e-21,2.0398332652128644e-21,Napa - GRAPES WINE
Napa,GRAPES WINE,Yield Per Acre,high_wind_days,1.4532180242192728e-06,0.001196648028744747,6.166994258364427e-07,2.2897366226021027e-06,Napa - GRAPES WINE
Napa,GRAPES WINE,Yield Per Acre,low_visibility_days,0.0,,0.0,0.0,Napa - GRAPES WINE
Napa,GRAPES WINE,Yield Per Acre,cloudy_days,-2.27168930608426e-07,0.7458574208213173,-1.6388897881828436e-06,1.1845519269659917e-06,Napa - GRAPES WINE
Napa,GRAPES WINE,Production Per Acre,high_temp_days,-0.002742868222727337,0.6916417913306643,-0.016666258247062415,0.01118052180160774,Napa - GRAPES WINE
Napa,GRAPES WINE,Production Per Acre,low_temp_days,0.0006643147966446795,0.9241536638336213,-0.013399810449841811,0.014728440043131171,Napa - GRAPES WINE
Napa,GRAPES WINE,Production Per Acre,heavy_rain_days,-0.033253330705807556,0.3288315553696428,-0.10142339293218924,0.03491673152057414,Napa - GRAPES WINE
Napa,GRAPES WINE,Production Per Acre,snow_days,2.0383601865293063e-17,0.2930746876638234,-1.8382390773892026e-17,5.914959450447815e-17,Napa - GRAPES WINE
Napa,GRAPES WINE,Production Per Acre,high_wind_days,0.008154756899898525,0.3202115763134678,-0.008263343685207395,0.024572857485004443,Napa - GRAPES WINE
Napa,GRAPES WINE,Production Per Acre,low_visibility_days,0.0,,0.0,0.0,Napa - GRAPES WINE
Napa,GRAPES WINE,Production Per Acre,cloudy_days,0.006528431155192144,0.6353865329986339,-0.021178992305035026,0.034235854615419316,Napa - GRAPES WINE
Riverside,GRAPES WINE,Yield Per Acre,high_temp_days,2.4270759915937733e-06,0.8319918060743822,-2.066518340381094e-05,2.551933538699849e-05,Riverside - GRAPES WINE
Riverside,GRAPES WINE,Yield Per Acre,low_temp_days,-7.892701888714501e-06,0.3730416671344816,-2.5674368637022755e-05,9.88896485959375e-06,Riverside - GRAPES WINE
Riverside,GRAPES WINE,Yield Per Acre,heavy_rain_days,4.240787396469397e-05,0.05831189440414815,-1.58030447069381e-06,8.639605240008176e-05,Riverside - GRAPES WINE
Riverside,GRAPES WINE,Yield Per Acre,snow_days,9.737753161205414e-05,0.8968329325735016,-0.0014188259997834818,0.00161358106300759,Riverside - GRAPES WINE
Riverside,GRAPES WINE,Yield Per Acre,high_wind_days,-3.086886721570208e-06,0.6000371654807773,-1.494884870538308e-05,8.775075262242664e-06,Riverside - GRAPES WINE
Riverside,GRAPES WINE,Yield Per Acre,low_visibility_days,9.916565667126695e-06,0.028719810881030695,1.0961545075532523e-06,1.873697682670014e-05,Riverside - GRAPES WINE
Riverside,GRAPES WINE,Yield Per Acre,cloudy_days,3.2213252846610006e-06,0.7412566236906124,-1.646112014354413e-05,2.2903770712866134e-05,Riverside - GRAPES WINE
Riverside,GRAPES WINE,Production Per Acre,high_temp_days,0.008519972179252114,0.6719039967654797,-0.03204217385470414,0.04908211821320837,Riverside - GRAPES WINE
Riverside,GRAPES WINE,Production Per Acre,low_temp_days,-0.0031753096230636023,0.8374111451208108,-0.03440926343511684,0.028058644188989637,Riverside - GRAPES WINE
Riverside,GRAPES WINE,Production Per Acre,heavy_rain_days,0.033255565624711984,0.3875450814091361,-0.04401079826426225,0.11052192951368622,Riverside - GRAPES WINE
Riverside,GRAPES WINE,Production Per Acre,snow_days,-0.5281950357239541,0.6891833295371693,-3.191445435115549,2.1350553636676404,Riverside - GRAPES WINE
Riverside,GRAPES WINE,Production Per Acre,high_wind_days,-0.0008431261729825017,0.9348839914530601,-0.021678966702835627,0.01999271435687062,Riverside - GRAPES WINE
Riverside,GRAPES WINE,Production Per Acre,low_visibility_days,0.008523188531633677,0.2711223490527667,-0.0069700899478793085,0.024016467011146663,Riverside - GRAPES WINE
Riverside,GRAPES WINE,Production Per Acre,cloudy_days,0.018879831690221036,0.2745853911553149,-0.015692888635409064,0.05345255201585114,Riverside - GRAPES WINE
Santa Clara,GRAPES WINE,Yield Per Acre,high_temp_days,-1.1127440823375372e-05,0.017599695176857874,-2.017734373133265e-05,-2.0775379154180925e-06,Santa Clara - GRAPES WINE
Santa Clara,GRAPES WINE,Yield Per Acre,low_temp_days,2.4063938058217264e-06,0.5727000143428695,-6.201973199353772e-06,1.1014760810997225e-05,Santa Clara - GRAPES WINE
Santa Clara,GRAPES WINE,Yield Per Acre,heavy_rain_days,1.891774156014441e-05,0.3374468910947147,-2.0682773341940493e-05,5.851825646222931e-05,Santa Clara - GRAPES WINE
Santa Clara,GRAPES WINE,Yield Per Acre,snow_days,-5.616684312632956e-21,0.40170735293025084,-1.9089600784542204e-20,7.856232159276294e-21,Santa Clara - GRAPES WINE
Santa Clara,GRAPES WINE,Yield Per Acre,high_wind_days,-1.360114578376845e-05,0.010007252794136381,-2.3711313218176558e-05,-3.4909783493603425e-06,Santa Clara - GRAPES WINE
Santa Clara,GRAPES WINE,Yield Per Acre,low_visibility_days,0.0,,0.0,0.0,Santa Clara - GRAPES WINE
Santa Clara,GRAPES WINE,Yield Per Acre,cloudy_days,2.6868607770572365e-06,0.7340814758741256,-1.3299993198537208e-05,1.867371475265168e-05,Santa Clara - GRAPES WINE
Santa Clara,GRAPES WINE,Production Per Acre,high_temp_days,-0.022136744587712653,0.004593993478815939,-0.0369134647982874,-0.007360024377137906,Santa Clara - GRAPES WINE
Santa Clara,GRAPES WINE,Production Per Acre,low_temp_days,0.0022069238292320085,0.750944187672399,-0.01184885466907385,0.01626270232753787,Santa Clara - GRAPES WINE
Santa Clara,GRAPES WINE,Production Per Acre,heavy_rain_days,0.060436410937719794,0.06591933264432767,-0.004223479323455008,0.1250963011988946,Santa Clara - GRAPES WINE
Santa Clara,GRAPES WINE,Production Per Acre,snow_days,-1.9510783784387478e-17,0.08018091366134776,-4.150941947701989e-17,2.487851908244931e-18,Santa Clara - GRAPES WINE
Santa Clara,GRAPES WINE,Production Per Acre,high_wind_days,-0.027914222478893164,0.001643597662455638,-0.04442214714722908,-0.011406297810557249,Santa Clara - GRAPES WINE
Santa Clara,GRAPES WINE,Production Per Acre,low_visibility_days,0.0,,0.0,0.0,Santa Clara - GRAPES WINE
Santa Clara,GRAPES WINE,Production Per Acre,cloudy_days,0.0007934048982796839,0.9509684562226071,-0.025309998712488516,0.026896808509047885,Santa Clara - GRAPES WINE
Santa Clara,TOMATOES PROCESSING,Yield Per Acre,high_temp_days,0.00014515397482118224,0.8451891151678215,-0.001358348917534132,0.0016486568671764963,Santa Clara - TOMATOES PROCESSING
Santa Clara,TOMATOES PROCESSING,Yield Per Acre,low_temp_days,-0.0005705963402450225,0.4310083916529168,-0.0020291301032844544,0.0008879374227944092,Santa Clara - TOMATOES PROCESSING
Santa Clara,TOMATOES PROCESSING,Yield Per Acre,heavy_rain_days,0.00144471831139649,0.6870674056038577,-0.005801330887543645,0.008690767510336626,Santa Clara - TOMATOES PROCESSING
Santa Clara,TOMATOES PROCESSING,Yield Per Acre,snow_days,-7.010446287440727e-19,0.6240139291489446,-3.5888687956031334e-18,2.1867795381149877e-18,Santa Clara - TOMATOES PROCESSING
Santa Clara,TOMATOES PROCESSING,Yield Per Acre,high_wind_days,-0.0017121447383144453,0.06019354307730809,-0.003502320308117074,7.803083148818363e-05,Santa Clara - TOMATOES PROCESSING
Santa Clara,TOMATOES PROCESSING,Yield Per Acre,low_visibility_days,0.0,,0.0,0.0,Santa Clara - TOMATOES PROCESSING
Santa Clara,TOMATOES PROCESSING,Yield Per Acre,cloudy_days,0.00018755489336639067,0.8960349180080316,-0.0027158701602906427,0.0030909799470234243,Santa Clara - TOMATOES PROCESSING
Santa Clara,TOMATOES PROCESSING,Production Per Acre,high_temp_days,-0.10541993525137283,0.44112686135754553,-0.38095875789694117,0.1701188873941955,Santa Clara - TOMATOES PROCESSING
Santa Clara,TOMATOES PROCESSING,Production Per Acre,low_temp_days,-0.13778946063244799,0.30122449417956937,-0.40508703478418484,0.1295081135192889,Santa Clara - TOMATOES PROCESSING
Santa Clara,TOMATOES PROCESSING,Production Per Acre,heavy_rain_days,-0.030187433404538465,0.9633181976558577,-1.3581315798771154,1.2977567130680385,Santa Clara - TOMATOES PROCESSING
Santa Clara,TOMATOES PROCESSING,Production Per Acre,snow_days,-5.4060637817889504e-17,0.8363315982815875,-5.832965142432738e-16,4.751752386074949e-16,Santa Clara - TOMATOES PROCESSING
Santa Clara,TOMATOES PROCESSING,Production Per Acre,high_wind_days,-0.6448073308114957,0.00035676833414330025,-0.9728831006289745,-0.3167315609940168,Santa Clara - TOMATOES PROCESSING
Santa Clara,TOMATOES PROCESSING,Production Per Acre,low_visibility_days,0.0,,0.0,0.0,Santa Clara - TOMATOES PROCESSING
Santa Clara,TOMATOES PROCESSING,Production Per Acre,cloudy_days,0.2193979064847138,0.4068163612854109,-0.31269705987152263,0.7514928728409502,Santa Clara - TOMATOES PROCESSING
Sonoma,GRAPES WINE,Yield Per Acre,high_temp_days,2.256329183235054e-07,0.5670722815245606,-5.670781105118085e-07,1.0183439471588192e-06,Sonoma - GRAPES WINE
Sonoma,GRAPES WINE,Yield Per Acre,low_temp_days,2.438697971750183e-07,0.5403850958298069,-5.568538178587734e-07,1.04459341220881e-06,Sonoma - GRAPES WINE
Sonoma,GRAPES WINE,Yield Per Acre,heavy_rain_days,-6.458903089151796e-07,0.737499913385615,-4.527068676309443e-06,3.235288058479084e-06,Sonoma - GRAPES WINE
Sonoma,GRAPES WINE,Yield Per Acre,snow_days,4.86011478046173e-22,0.6576015734045169,-1.7210824735791722e-21,2.693105429671518e-21,Sonoma - GRAPES WINE
Sonoma,GRAPES WINE,Yield Per Acre,high_wind_days,1.794471050807399e-06,0.0004197704491329038,8.597267547994651e-07,2.7292153468153328e-06,Sonoma - GRAPES WINE
Sonoma,GRAPES WINE,Yield Per Acre,low_visibility_days,0.0,,0.0,0.0,Sonoma - GRAPES WINE
Sonoma,GRAPES WINE,Yield Per Acre,cloudy_days,-3.9515646557933257e-07,0.6142678170499289,-1.9726444278603643e-06,1.1823314967016992e-06,Sonoma - GRAPES WINE
Sonoma,GRAPES WINE,Production Per Acre,high_temp_days,0.0012616517624374967,0.8722419901254771,-0.014549338748538483,0.01707264227341348,Sonoma - GRAPES WINE
Sonoma,GRAPES WINE,Production Per Acre,low_temp_days,-0.0032530712000202445,0.6817558970521286,-0.01922387647292611,0.01271773407288562,Sonoma - GRAPES WINE
Sonoma,GRAPES WINE,Production Per Acre,heavy_rain_days,-0.03356131953826141,0.38478856842957443,-0.11097322893030875,0.04385058985378595,Sonoma - GRAPES WINE
Sonoma,GRAPES WINE,Production Per Acre,snow_days,2.1340362688385172e-17,0.33180237474279095,-2.2681153673323667e-17,6.536187905009401e-17,Sonoma - GRAPES WINE
Sonoma,GRAPES WINE,Production Per Acre,high_wind_days,0.004041541491258866,0.662586779491572,-0.014602368656029825,0.022685451638547557,Sonoma - GRAPES WINE
Sonoma,GRAPES WINE,Production Per Acre,low_visibility_days,0.0,,0.0,0.0,Sonoma - GRAPES WINE
Sonoma,GRAPES WINE,Production Per Acre,cloudy_days,0.0025936626980800244,0.8680588577251751,-0.028870069097666037,0.03405739449382608,Sonoma - GRAPES WINE
Tulare,ALMONDS ALL,Yield Per Acre,high_temp_days,-4.407086265600277e-07,0.02575303681805121,-8.246445327084714e-07,-5.6772720411584074e-08,Tulare - ALMONDS ALL
Tulare,ALMONDS ALL,Yield Per Acre,low_temp_days,1.0373428641623489e-07,0.6831597160019289,-4.087883332115157e-07,6.162569060439855e-07,Tulare - ALMONDS ALL
Tulare,ALMONDS ALL,Yield Per Acre,heavy_rain_days,-9.134513391747823e-07,0.32515457881288345,-2.7740956046664904e-06,9.47192926316926e-07,Tulare - ALMONDS ALL
Tulare,ALMONDS ALL,Yield Per Acre,snow_days,-8.318805678638099e-07,0.9610109395475368,-3.51915292167096e-05,3.352776808098198e-05,Tulare - ALMONDS ALL
Tulare,ALMONDS ALL,Yield Per Acre,high_wind_days,-4.122079337064434e-07,0.03592251445759047,-7.956478054875822e-07,-2.876806192530458e-08,Tulare - ALMONDS ALL
Tulare,ALMONDS ALL,Yield Per Acre,low_visibility_days,3.774524375062892e-07,0.08198306206499226,-5.060726647685306e-08,8.055121414894315e-07,Tulare - ALMONDS ALL
Tulare,ALMONDS ALL,Yield Per Acre,cloudy_days,-2.0767222488649192e-07,0.4860005777899845,-8.073180466421037e-07,3.919735968691198e-07,Tulare - ALMONDS ALL
Tulare,ALMONDS ALL,Production Per Acre,high_temp_days,0.0007565017959365989,0.6488984821498325,-0.0025931476558946755,0.004106151247767873,Tulare - ALMONDS ALL
Tulare,ALMONDS ALL,Production Per Acre,low_temp_days,0.0012701814589824703,0.5672363635627746,-0.0032013229884902215,0.0057416859064551625,Tulare - ALMONDS ALL
Tulare,ALMONDS ALL,Production Per Acre,heavy_rain_days,-0.021324376620864113,0.011605045739853362,-0.03755757061014313,-0.0050911826315851,Tulare - ALMONDS ALL
Tulare,ALMONDS ALL,Production Per Acre,snow_days,0.22569824742219308,0.1351052712757552,-0.07407256436851878,0.525469059212905,Tulare - ALMONDS ALL
Tulare,ALMONDS ALL,Production Per Acre,high_wind_days,0.0035572623682712393,0.037849970386606493,0.00021194056910261994,0.006902584167439859,Tulare - ALMONDS ALL
Tulare,ALMONDS ALL,Production Per Acre,low_visibility_days,-0.005624871120996394,0.004326130811525743,-0.009359478720432045,-0.0018902635215607435,Tulare - ALMONDS ALL
Tulare,ALMONDS ALL,Production Per Acre,cloudy_days,-0.003500345406576876,0.1826594006684169,-0.00873195637593487,0.0017312655627811182,Tulare - ALMONDS ALL
Tulare,GRAPES WINE,Yield Per Acre,high_temp_days,1.4501412628544713e-05,0.016791773362723455,2.789369797985797e-06,2.6213455459103627e-05,Tulare - GRAPES WINE
Tulare,GRAPES WINE,Yield Per Acre,low_temp_days,9.591103284470747e-06,0.2207849058652187,-6.043503368832505e-06,2.5225709937773997e-05,Tulare - GRAPES WINE
Tulare,GRAPES WINE,Yield Per Acre,heavy_rain_days,1.3177208745101491e-06,0.9626120871641279,-5.544161051620161e-05,5.8077052265221915e-05,Tulare - GRAPES WINE
Tulare,GRAPES WINE,Yield Per Acre,snow_days,-5.2214751453476184e-05,0.9198844999477462,-0.0011003628151634818,0.0009959333122565295,Tulare - GRAPES WINE
Tulare,GRAPES WINE,Yield Per Acre,high_wind_days,1.6318600204568977e-05,0.007699103157414349,4.62168900317594e-06,2.8015511405962014e-05,Tulare - GRAPES WINE
Tulare,GRAPES WINE,Yield Per Acre,low_visibility_days,-5.995284406223935e-06,0.3570383706970738,-1.9053332655424544e-05,7.0627638429766725e-06,Tulare - GRAPES WINE
Tulare,GRAPES WINE,Yield Per Acre,cloudy_days,3.0909903106258798e-06,0.733187150994868,-1.5201327326506094e-05,2.138330794775785e-05,Tulare - GRAPES WINE
Tulare,GRAPES WINE,Production Per Acre,high_temp_days,0.049399845747201424,0.021139964823670712,0.007886354082098382,0.09091333741230447,Tulare - GRAPES WINE
Tulare,GRAPES WINE,Production Per Acre,low_temp_days,0.005767258809040032,0.8336182674158304,-0.04964981252334816,0.061184330141428225,Tulare - GRAPES WINE
Tulare,GRAPES WINE,Production Per Acre,heavy_rain_days,-0.02448622349815934,0.8059613050498734,-0.22567042890912,0.1766979819128013,Tulare - GRAPES WINE
Tulare,GRAPES WINE,Production Per Acre,snow_days,0.2626113154561084,0.8865235577605984,-3.4525634440732462,3.977786074985463,Tulare - GRAPES WINE
Tulare,GRAPES WINE,Production Per Acre,high_wind_days,0.086709033534712,0.0001622687876895104,0.04524917613054404,0.12816889093887995,Tulare - GRAPES WINE
Tulare,GRAPES WINE,Production Per Acre,low_visibility_days,-0.05168616603045504,0.029734507606344426,-0.09797059181323146,-0.005401740247678616,Tulare - GRAPES WINE
Tulare,GRAPES WINE,Production Per Acre,cloudy_days,-0.006137540353450864,0.8484617190337531,-0.07097490363418751,0.05869982292728579,Tulare - GRAPES WINE
